[{"name":"Afghanistan","code":"AF","region":"Asia","subregion":"Southern Asia"},{"name":"Aland Islands","code":"AX","region":"","subregion":""},{"name":"Albania","code":"AL","region":"Europe","subregion":"Southern Europe"},{"name":"Algeria","code":"DZ","region":"Africa","subregion":"Northern Africa"},{"name":"Andorra","code":"AD","region":"Europe","subregion":"Southern Europe"},{"name":"Angola","code":"AO","region":"Africa","subregion":"Middle Africa"},{"name":"Anguilla","code":"AI","region":"Latin America and the Caribbean","subregion":"Caribbean"},{"name":"Antigua and Barbuda","code":"AG","region":"Latin America and the Caribbean","subregion":"Caribbean"},{"name":"Argentina","code":"AR","region":"Latin America and the Caribbean","subregion":"South America"},{"name":"Armenia","code":"AM","region":"Asia","subregion":"Western Asia"},{"name":"Aruba","code":"AW","region":"Latin America and the Caribbean","subregion":"Caribbean"},{"name":"Australia","code":"AU","region":"Oceania","subregion":"Australia/New Zealand"},{"name":"Austria","code":"AT","region":"Europe","subregion":"Western Europe"},{"name":"Azerbaijan","code":"AZ","region":"Asia","subregion":"Western Asia"},{"name":"Bahamas","code":"BS","region":"Latin America and the Caribbean","subregion":"Caribbean"},{"name":"Bahrain","code":"BH","region":"Asia","subregion":"Western Asia"},{"name":"Bangladesh","code":"BD","region":"Asia","subregion":"Southern Asia"},{"name":"Barbados","code":"BB","region":"Latin America and the Caribbean","subregion":"Caribbean"},{"name":"Belarus","code":"BY","region":"Europe","subregion":"Eastern Europe"},{"name":"Belgium","code":"BE","region":"Europe","subregion":"Western Europe"},{"name":"Belize","code":"BZ","region":"Latin America and the Caribbean","subregion":"Central America"},{"name":"Benin","code":"BJ","region":"Africa","subregion":"Western Africa"},{"name":"Bermuda","code":"BM","region":"Northern America","subregion":"Northern America"},{"name":"Bhutan","code":"BT","region":"Asia","subregion":"Southern Asia"},{"name":"Bolivia","code":"BO","region":"Latin America and the Caribbean","subregion":"South America"},{"name":"Bonaire, Sint Eustatius and Saba","code":"BQ","region":"Latin America and the Caribbean","subregion":"Caribbean"},{"name":"Bosnia","code":"BA","region":"Europe","subregion":"Southern Europe"},{"name":"Botswana","code":"BW","region":"Africa","subregion":"Southern Africa"},{"name":"Bouvet Island","code":"BV","region":"","subregion":""},{"name":"Brazil","code":"BR","region":"Latin America and the Caribbean","subregion":"South America"},{"name":"British Indian Ocean Territory","code":"IO","region":"Africa","subregion":"Western Africa"},{"name":"British Virgin Islands","code":"VG","region":"Latin America and the Caribbean","subregion":"Caribbean"},{"name":"Brunei","code":"BN","region":"Asia","subregion":"South-Eastern Asia"},{"name":"Bulgaria","code":"BG","region":"Europe","subregion":"Eastern Europe"},{"name":"Burkina Faso","code":"BF","region":"Africa","subregion":"Western Africa"},{"name":"Burundi","code":"BI","region":"Africa","subregion":"Eastern Africa"},{"name":"Cambodia","code":"KH","region":"Asia","subregion":"South-Eastern Asia"},{"name":"Cameroon","code":"CM","region":"Africa","subregion":"Middle Africa"},{"name":"Canada","code":"CA","region":"Northern America","subregion":"Northern America"},{"name":"Cape Verde","code":"CV","region":"Africa","subregion":"Western Africa"},{"name":"Cayman Islands","code":"KY","region":"Latin America and the Caribbean","subregion":"Caribbean"},{"name":"Central African Republic","code":"CF","region":"Africa","subregion":"Middle Africa"},{"name":"Chad","code":"TD","region":"Africa","subregion":"Middle Africa"},{"name":"Channel Islands","code":"","region":"Europe","subregion":"Northern Europe"},{"name":"Chile","code":"CL","region":"Latin America and the Caribbean","subregion":"South America"},{"name":"China","code":"CN","region":"Asia","subregion":"Eastern Asia"},{"name":"Christmas Island","code":"CX","region":"","subregion":""},{"name":"Cocos (Keeling) Islands","code":"CC","region":"","subregion":""},{"name":"Colombia","code":"CO","region":"Latin America and the Caribbean","subregion":"South America"},{"name":"Comoros","code":"KM","region":"Africa","subregion":"Eastern Africa"},{"name":"Cook Islands","code":"CK","region":"Oceania","subregion":"Polynesia"},{"name":"Costa Rica","code":"CR","region":"Latin America and the Caribbean","subregion":"Central America"},{"name":"Croatia","code":"HR","region":"Europe","subregion":"Southern Europe"},{"name":"Cuba","code":"CU","region":"Latin America and the Caribbean","subregion":"Caribbean"},{"name":"Curaçao","code":"CW","region":"Latin America and the Caribbean","subregion":"Caribbean"},{"name":"Cyprus","code":"CY","region":"Asia","subregion":"Western Asia"},{"name":"Czech Republic","code":"CZ","region":"Europe","subregion":"Eastern Europe"},{"name":"Democratic People's Republic of Korea","code":"KP","region":"Asia","subregion":"Eastern Asia"},{"name":"Democratic Republic of the Congo","code":"CD","region":"Africa","subregion":"Middle Africa"},{"name":"Denmark","code":"DK","region":"Europe","subregion":"Northern Europe"},{"name":"Djibouti","code":"DJ","region":"Africa","subregion":"Eastern Africa"},{"name":"Dominica","code":"DM","region":"Latin America and the Caribbean","subregion":"Caribbean"},{"name":"Dominican Republic","code":"DO","region":"Latin America and the Caribbean","subregion":"Caribbean"},{"name":"Ecuador","code":"EC","region":"Latin America and the Caribbean","subregion":"South America"},{"name":"Egypt","code":"EG","region":"Africa","subregion":"Northern Africa"},{"name":"El Salvador","code":"SV","region":"Latin America and the Caribbean","subregion":"Central America"},{"name":"Equatorial Guinea","code":"GQ","region":"Africa","subregion":"Middle Africa"},{"name":"Eritrea","code":"ER","region":"Africa","subregion":"Eastern Africa"},{"name":"Estonia","code":"EE","region":"Europe","subregion":"Northern Europe"},{"name":"Eswatini","code":"SZ","region":"Africa","subregion":"Southern Africa"},{"name":"Ethiopia","code":"ET","region":"Africa","subregion":"Eastern Africa"},{"name":"Falkland Islands","code":"FK","region":"Latin America and the Caribbean","subregion":"South America"},{"name":"Faroe Islands","code":"FO","region":"Europe","subregion":"Northern Europe"},{"name":"Fiji","code":"FJ","region":"Oceania","subregion":"Melanesia"},{"name":"Finland","code":"FI","region":"Europe","subregion":"Northern Europe"},{"name":"France","code":"FR","region":"Europe","subregion":"Western Europe"},{"name":"French Guiana","code":"GF","region":"Latin America and the Caribbean","subregion":"South America"},{"name":"French Polynesia","code":"PF","region":"Oceania","subregion":"Polynesia"},{"name":"French Southern Territories","code":"TF","region":"","subregion":""},{"name":"Gabon","code":"GA","region":"Africa","subregion":"Middle Africa"},{"name":"Gambia","code":"GM","region":"Africa","subregion":"Western Africa"},{"name":"Georgia","code":"GE","region":"Asia","subregion":"Western Asia"},{"name":"Germany","code":"DE","region":"Europe","subregion":"Western Europe"},{"name":"Ghana","code":"GH","region":"Africa","subregion":"Western Africa"},{"name":"Gibraltar","code":"GI","region":"Europe","subregion":"Southern Europe"},{"name":"Greece","code":"GR","region":"Europe","subregion":"Southern Europe"},{"name":"Greenland","code":"GL","region":"Northern America","subregion":"Northern America"},{"name":"Grenada","code":"GD","region":"Latin America and the Caribbean","subregion":"Caribbean"},{"name":"Guadeloupe","code":"GP","region":"Latin America and the Caribbean","subregion":"Caribbean"},{"name":"Guatemala","code":"GT","region":"Latin America and the Caribbean","subregion":"Central America"},{"name":"Guinea","code":"GN","region":"Africa","subregion":"Western Africa"},{"name":"Guinea-Bissau","code":"GW","region":"Africa","subregion":"Western Africa"},{"name":"Guyana","code":"GY","region":"Latin America and the Caribbean","subregion":"South America"},{"name":"Haiti","code":"HT","region":"Latin America and the Caribbean","subregion":"Caribbean"},{"name":"Heard Island and McDonald Islands","code":"HM","region":"","subregion":""},{"name":"Honduras","code":"HN","region":"Latin America and the Caribbean","subregion":"Central America"},{"name":"Hong Kong","code":"HK","region":"Asia","subregion":"Eastern Asia"},{"name":"Hungary","code":"HU","region":"Europe","subregion":"Eastern Europe"},{"name":"Iceland","code":"IS","region":"Europe","subregion":"Northern Europe"},{"name":"India","code":"IN","region":"Asia","subregion":"Southern Asia"},{"name":"Indonesia","code":"ID","region":"Asia","subregion":"South-Eastern Asia"},{"name":"Iran","code":"IR","region":"Asia","subregion":"Southern Asia"},{"name":"Iraq","code":"IQ","region":"Asia","subregion":"Western Asia"},{"name":"Ireland","code":"IE","region":"Europe","subregion":"Northern Europe"},{"name":"Isle of Man","code":"IM","region":"Europe","subregion":"Northern Europe"},{"name":"Israel","code":"IL","region":"Asia","subregion":"Western Asia"},{"name":"Italy","code":"IT","region":"Europe","subregion":"Southern Europe"},{"name":"Ivory Coast","code":"CI","region":"Africa","subregion":"Western Africa"},{"name":"Jamaica","code":"JM","region":"Latin America and the Caribbean","subregion":"Caribbean"},{"name":"Japan","code":"JP","region":"Asia","subregion":"Eastern Asia"},{"name":"Jordan","code":"JO","region":"Asia","subregion":"Western Asia"},{"name":"Kazakhstan","code":"KZ","region":"Asia","subregion":"Central Asia"},{"name":"Kenya","code":"KE","region":"Africa","subregion":"Eastern Africa"},{"name":"Kiribati","code":"KI","region":"Oceania","subregion":"Micronesia"},{"name":"Kosovo","code":"XK","region":"","subregion":""},{"name":"Kuwait","code":"KW","region":"Asia","subregion":"Western Asia"},{"name":"Kyrgyzstan","code":"KG","region":"Asia","subregion":"Central Asia"},{"name":"Laos","code":"LA","region":"Asia","subregion":"South-Eastern Asia"},{"name":"Latvia","code":"LV","region":"Europe","subregion":"Northern Europe"},{"name":"Lebanon","code":"LB","region":"Asia","subregion":"Western Asia"},{"name":"Lesotho","code":"LS","region":"Africa","subregion":"Southern Africa"},{"name":"Liberia","code":"LR","region":"Africa","subregion":"Western Africa"},{"name":"Libya","code":"LY","region":"Africa","subregion":"Northern Africa"},{"name":"Liechtenstein","code":"LI","region":"Europe","subregion":"Western Europe"},{"name":"Lithuania","code":"LT","region":"Europe","subregion":"Northern Europe"},{"name":"Luxembourg","code":"LU","region":"Europe","subregion":"Western Europe"},{"name":"Macau","code":"MO","region":"Asia","subregion":"Eastern Asia"},{"name":"Madagascar","code":"MG","region":"Africa","subregion":"Eastern Africa"},{"name":"Malawi","code":"MW","region":"Africa","subregion":"Eastern Africa"},{"name":"Malaysia","code":"MY","region":"Asia","subregion":"South-Eastern Asia"},{"name":"Maldives","code":"MV","region":"Asia","subregion":"Southern Asia"},{"name":"Mali","code":"ML","region":"Africa","subregion":"Western Africa"},{"name":"Malta","code":"MT","region":"Europe","subregion":"Southern Europe"},{"name":"Martinique","code":"MQ","region":"Latin America and the Caribbean","subregion":"Caribbean"},{"name":"Mauritania","code":"MR","region":"Africa","subregion":"Western Africa"},{"name":"Mauritius","code":"MU","region":"Africa","subregion":"Eastern Africa"},{"name":"Mayotte","code":"YT","region":"Africa","subregion":"Eastern Africa"},{"name":"Mexico","code":"MX","region":"Latin America and the Caribbean","subregion":"Central America"},{"name":"Micronesia","code":"FM","region":"Oceania","subregion":"Micronesia"},{"name":"Moldova","code":"MD","region":"Europe","subregion":"Eastern Europe"},{"name":"Monaco","code":"MC","region":"Europe","subregion":"Western Europe"},{"name":"Mongolia","code":"MN","region":"Asia","subregion":"Eastern Asia"},{"name":"Montenegro","code":"ME","region":"Europe","subregion":"Southern Europe"},{"name":"Montserrat","code":"MS","region":"Latin America and the Caribbean","subregion":"Caribbean"},{"name":"Morocco","code":"MA","region":"Africa","subregion":"Northern Africa"},{"name":"Mozambique","code":"MZ","region":"Africa","subregion":"Eastern Africa"},{"name":"Myanmar","code":"MM","region":"Asia","subregion":"South-Eastern Asia"},{"name":"N. Cyprus","code":"","region":"","subregion":""},{"name":"Namibia","code":"NA","region":"Africa","subregion":"Southern Africa"},{"name":"Nauru","code":"NR","region":"Oceania","subregion":"Micronesia"},{"name":"Nepal","code":"NP","region":"Asia","subregion":"Southern Asia"},{"name":"Netherlands","code":"NL","region":"Europe","subregion":"Western Europe"},{"name":"New Caledonia","code":"NC","region":"Oceania","subregion":"Melanesia"},{"name":"New Zealand","code":"NZ","region":"Oceania","subregion":"Australia/New Zealand"},{"name":"Nicaragua","code":"NI","region":"Latin America and the Caribbean","subregion":"Central America"},{"name":"Niger","code":"NE","region":"Africa","subregion":"Western Africa"},{"name":"Nigeria","code":"NG","region":"Africa","subregion":"Western Africa"},{"name":"Niue","code":"NU","region":"Oceania","subregion":"Polynesia"},{"name":"Norfolk Island","code":"NF","region":"","subregion":""},{"name":"North Macedonia","code":"MK","region":"Europe","subregion":"Southern Europe"},{"name":"Norway","code":"NO","region":"Europe","subregion":"Northern Europe"},{"name":"Oman","code":"OM","region":"Asia","subregion":"Western Asia"},{"name":"Pakistan","code":"PK","region":"Asia","subregion":"Southern Asia"},{"name":"Palau","code":"PW","region":"Oceania","subregion":"Micronesia"},{"name":"Palestine","code":"PS","region":"Asia","subregion":"Western Asia"},{"name":"Panama","code":"PA","region":"Latin America and the Caribbean","subregion":"Central America"},{"name":"Papua New Guinea","code":"PG","region":"Oceania","subregion":"Melanesia"},{"name":"Paraguay","code":"PY","region":"Latin America and the Caribbean","subregion":"South America"},{"name":"Peru","code":"PE","region":"Latin America and the Caribbean","subregion":"South America"},{"name":"Philippines","code":"PH","region":"Asia","subregion":"South-Eastern Asia"},{"name":"Pitcairn","code":"PN","region":"","subregion":""},{"name":"Poland","code":"PL","region":"Europe","subregion":"Eastern Europe"},{"name":"Portugal","code":"PT","region":"Europe","subregion":"Southern Europe"},{"name":"Qatar","code":"QA","region":"Asia","subregion":"Western Asia"},{"name":"Republic of the Congo","code":"CG","region":"Africa","subregion":"Middle Africa"},{"name":"Réunion","code":"RE","region":"Africa","subregion":"Eastern Africa"},{"name":"Romania","code":"RO","region":"Europe","subregion":"Eastern Europe"},{"name":"Russia","code":"RU","region":"Europe","subregion":"Eastern Europe"},{"name":"Rwanda","code":"RW","region":"Africa","subregion":"Eastern Africa"},{"name":"Saint Helena","code":"SH","region":"Africa","subregion":"Western Africa"},{"name":"Saint Kitts and Nevis","code":"KN","region":"Latin America and the Caribbean","subregion":"Caribbean"},{"name":"Saint Lucia","code":"LC","region":"Latin America and the Caribbean","subregion":"Caribbean"},{"name":"Saint Martin","code":"MF","region":"Latin America and the Caribbean","subregion":"Caribbean"},{"name":"Saint Pierre and Miquelon","code":"PM","region":"Northern America","subregion":"Northern America"},{"name":"Saint Vincent and the Grenadines","code":"VC","region":"Latin America and the Caribbean","subregion":"Caribbean"},{"name":"Saint-Barthélemy","code":"BL","region":"Latin America and the Caribbean","subregion":"Caribbean"},{"name":"Samoa","code":"WS","region":"Oceania","subregion":"Polynesia"},{"name":"San Marino","code":"SM","region":"Europe","subregion":"Southern Europe"},{"name":"Sao Tome and Principe","code":"ST","region":"Africa","subregion":"Middle Africa"},{"name":"Saudi Arabia","code":"SA","region":"Asia","subregion":"Western Asia"},{"name":"Senegal","code":"SN","region":"Africa","subregion":"Western Africa"},{"name":"Serbia","code":"RS","region":"Europe","subregion":"Southern Europe"},{"name":"Seychelles","code":"SC","region":"Africa","subregion":"Eastern Africa"},{"name":"Sierra Leone","code":"SL","region":"Africa","subregion":"Western Africa"},{"name":"Singapore","code":"SG","region":"Asia","subregion":"South-Eastern Asia"},{"name":"Sint Maarten","code":"SX","region":"Latin America and the Caribbean","subregion":"Caribbean"},{"name":"Slovakia","code":"SK","region":"Europe","subregion":"Eastern Europe"},{"name":"Slovenia","code":"SI","region":"Europe","subregion":"Southern Europe"},{"name":"Solomon Islands","code":"SB","region":"Oceania","subregion":"Melanesia"},{"name":"Somalia","code":"SO","region":"Africa","subregion":"Eastern Africa"},{"name":"South Africa","code":"ZA","region":"Africa","subregion":"Southern Africa"},{"name":"South Georgia and the South Sandwich Islands","code":"GS","region":"","subregion":""},{"name":"South Korea","code":"KR","region":"Asia","subregion":"Eastern Asia"},{"name":"South Sudan","code":"SS","region":"Africa","subregion":"Eastern Africa"},{"name":"Spain","code":"ES","region":"Europe","subregion":"Southern Europe"},{"name":"Sri Lanka","code":"LK","region":"Asia","subregion":"Southern Asia"},{"name":"Sudan","code":"SD","region":"Africa","subregion":"Northern Africa"},{"name":"Suriname","code":"SR","region":"Latin America and the Caribbean","subregion":"South America"},{"name":"Svalbard and Jan Mayen Islands","code":"SJ","region":"","subregion":""},{"name":"Sweden","code":"SE","region":"Europe","subregion":"Northern Europe"},{"name":"Switzerland","code":"CH","region":"Europe","subregion":"Western Europe"},{"name":"Syria","code":"SY","region":"Asia","subregion":"Western Asia"},{"name":"Taiwan","code":"TW","region":"Asia","subregion":"Eastern Asia"},{"name":"Tajikistan","code":"TJ","region":"Asia","subregion":"Central Asia"},{"name":"Tanzania","code":"TZ","region":"Africa","subregion":"Eastern Africa"},{"name":"Thailand","code":"TH","region":"Asia","subregion":"South-Eastern Asia"},{"name":"Timor-Leste","code":"TL","region":"Asia","subregion":"South-Eastern Asia"},{"name":"Togo","code":"TG","region":"Africa","subregion":"Western Africa"},{"name":"Tokelau","code":"TK","region":"Oceania","subregion":"Polynesia"},{"name":"Tonga","code":"TO","region":"Oceania","subregion":"Polynesia"},{"name":"Trinidad and Tobago","code":"TT","region":"Latin America and the Caribbean","subregion":"Caribbean"},{"name":"Tunisia","code":"TN","region":"Africa","subregion":"Northern Africa"},{"name":"Turkey","code":"TR","region":"Asia","subregion":"Western Asia"},{"name":"Turkmenistan","code":"TM","region":"Asia","subregion":"Central Asia"},{"name":"Turks and Caicos","code":"TC","region":"Latin America and the Caribbean","subregion":"Caribbean"},{"name":"Tuvalu","code":"TV","region":"Oceania","subregion":"Polynesia"},{"name":"Uganda","code":"UG","region":"Africa","subregion":"Eastern Africa"},{"name":"Ukraine","code":"UA","region":"Europe","subregion":"Eastern Europe"},{"name":"United Arab Emirates","code":"AE","region":"Asia","subregion":"Western Asia"},{"name":"United Kingdom","code":"GB","region":"Europe","subregion":"Northern Europe"},{"name":"United States","code":"US","region":"Northern America","subregion":"Northern America"},{"name":"United States Minor Outlying Islands","code":"UM","region":"","subregion":""},{"name":"Uruguay","code":"UY","region":"Latin America and the Caribbean","subregion":"South America"},{"name":"Uzbekistan","code":"UZ","region":"Asia","subregion":"Central Asia"},{"name":"Vanuatu","code":"VU","region":"Oceania","subregion":"Melanesia"},{"name":"Vatican City","code":"VA","region":"Europe","subregion":"Southern Europe"},{"name":"Venezuela","code":"VE","region":"Latin America and the Caribbean","subregion":"South America"},{"name":"Vietnam","code":"VN","region":"Asia","subregion":"South-Eastern Asia"},{"name":"Wallis and Futuna Islands","code":"WF","region":"Oceania","subregion":"Polynesia"},{"name":"Western Sahara","code":"EH","region":"Africa","subregion":"Northern Africa"},{"name":"Yemen","code":"YE","region":"Asia","subregion":"Western Asia"},{"name":"Zambia","code":"ZM","region":"Africa","subregion":"Eastern Africa"},{"name":"Zimbabwe","code":"ZW","region":"Africa","subregion":"Eastern Africa"}]